time,x(t),x'(t)
0.01,0.735177,-1.48232
0.02,0.720353,-1.48243
0.03,0.705528,-1.48261
0.04,0.690701,-1.48286
0.05,0.675871,-1.48317
0.06,0.661037,-1.48355
0.07,0.6462,-1.48399
0.08,0.631357,-1.48448
0.09,0.61651,-1.48504
0.1,0.601656,-1.48564
0.11,0.586797,-1.4863
0.12,0.57193,-1.487
0.13,0.557057,-1.48775
0.14,0.542175,-1.48854
0.15,0.527286,-1.48937
0.16,0.512388,-1.49023
0.17,0.497481,-1.49113
0.18,0.482565,-1.49206
0.19,0.46764,-1.49301
0.2,0.452705,-1.494
0.21,0.43776,-1.495
0.22,0.422805,-1.49602
0.23,0.407839,-1.49705
0.24,0.392864,-1.4981
0.25,0.377877,-1.49915
0.26,0.362881,-1.50021
0.27,0.347873,-1.50128
0.28,0.332855,-1.50234
0.29,0.317826,-1.50339
0.3,0.302787,-1.50444
0.31,0.287738,-1.50547
0.32,0.272678,-1.50649
0.33,0.257608,-1.50749
0.34,0.242528,-1.50846
0.35,0.227439,-1.50941
0.36,0.21234,-1.51032
0.37,0.197233,-1.5112
0.38,0.182116,-1.51205
0.39,0.166992,-1.51285
0.4,0.15186,-1.5136
0.41,0.13672,-1.5143
0.42,0.121574,-1.51495
0.43,0.106421,-1.51553
0.44,0.0912633,-1.51606
0.45,0.0761004,-1.51651
0.46,0.0609333,-1.51689
0.47,0.0457628,-1.5172
0.48,0.0305896,-1.51742
0.49,0.0154146,-1.51756
0.5,0.000238704,-1.51761
0.51,-0.0149372,-1.51756
0.52,-0.0301122,-1.51742
0.53,-0.0452852,-1.51717
0.54,-0.0604552,-1.51681
0.55,-0.075621,-1.51634
0.56,-0.0907815,-1.51575
0.57,-0.105936,-1.51503
0.58,-0.121082,-1.5142
0.59,-0.136219,-1.51323
0.6,-0.151346,-1.51212
0.61,-0.166461,-1.51087
0.62,-0.181563,-1.50948
0.63,-0.19665,-1.50794
0.64,-0.211721,-1.50625
0.65,-0.226774,-1.50439
0.66,-0.241808,-1.50238
0.67,-0.256822,-1.5002
0.68,-0.271812,-1.49785
0.69,-0.286778,-1.49533
0.7,-0.301718,-1.49263
0.71,-0.31663,-1.48975
0.72,-0.331512,-1.48669
0.73,-0.346363,-1.48344
0.74,-0.36118,-1.48
0.75,-0.375962,-1.47637
0.76,-0.390707,-1.47254
0.77,-0.405413,-1.46852
0.78,-0.420077,-1.46429
0.79,-0.434698,-1.45987
0.8,-0.449274,-1.45525
0.81,-0.463802,-1.45042
0.82,-0.478281,-1.44538
0.83,-0.492709,-1.44015
0.84,-0.507083,-1.4347
0.85,-0.521402,-1.42906
0.86,-0.535664,-1.4232
0.87,-0.549866,-1.41714
0.88,-0.564006,-1.41088
0.89,-0.578083,-1.40442
0.9,-0.592094,-1.39775
0.91,-0.606037,-1.39089
0.92,-0.619911,-1.38382
0.93,-0.633713,-1.37656
0.94,-0.647441,-1.36911
0.95,-0.661095,-1.36147
0.96,-0.67467,-1.35364
0.97,-0.688167,-1.34562
0.98,-0.701582,-1.33742
0.99,-0.714915,-1.32905
1,-0.728162,-1.3205
1.01,-0.741324,-1.31178
1.02,-0.754398,-1.3029
1.03,-0.767382,-1.29386
1.04,-0.780274,-1.28465
1.05,-0.793074,-1.2753
1.06,-0.80578,-1.2658
1.07,-0.81839,-1.25615
1.08,-0.830902,-1.24636
1.09,-0.843316,-1.23645
1.1,-0.855631,-1.2264
1.11,-0.867844,-1.21623
1.12,-0.879955,-1.20594
1.13,-0.891962,-1.19553
1.14,-0.903865,-1.18502
1.15,-0.915662,-1.1744
1.16,-0.927353,-1.16368
1.17,-0.938936,-1.15287
1.18,-0.95041,-1.14196
1.19,-0.961775,-1.13097
1.2,-0.973029,-1.1199
1.21,-0.984172,-1.10876
1.22,-0.995204,-1.09754
1.23,-1.00612,-1.08625
1.24,-1.01693,-1.0749
1.25,-1.02762,-1.06349
1.26,-1.0382,-1.05203
1.27,-1.04866,-1.04051
1.28,-1.05901,-1.02895
1.29,-1.06924,-1.01734
1.3,-1.07936,-1.00569
1.31,-1.08935,-0.994008
1.32,-1.09924,-0.982289
1.33,-1.109,-0.970541
1.34,-1.11865,-0.958765
1.35,-1.12817,-0.946964
1.36,-1.13759,-0.935142
1.37,-1.14688,-0.923302
1.38,-1.15605,-0.911445
1.39,-1.16511,-0.899575
1.4,-1.17404,-0.887694
1.41,-1.18286,-0.875803
1.42,-1.19156,-0.863906
1.43,-1.20014,-0.852005
1.44,-1.2086,-0.8401
1.45,-1.21694,-0.828195
1.46,-1.22516,-0.816291
1.47,-1.23327,-0.80439
1.48,-1.24125,-0.792493
1.49,-1.24912,-0.780602
1.5,-1.25686,-0.768718
1.51,-1.26449,-0.756842
1.52,-1.272,-0.744977
1.53,-1.27939,-0.733122
1.54,-1.28666,-0.721279
1.55,-1.29382,-0.70945
1.56,-1.30085,-0.697634
1.57,-1.30777,-0.685834
1.58,-1.31457,-0.674049
1.59,-1.32125,-0.662281
1.6,-1.32781,-0.65053
1.61,-1.33426,-0.638797
1.62,-1.34059,-0.627082
1.63,-1.3468,-0.615387
1.64,-1.3529,-0.603711
1.65,-1.35888,-0.592055
1.66,-1.36474,-0.580419
1.67,-1.37048,-0.568804
1.68,-1.37611,-0.55721
1.69,-1.38163,-0.545638
1.7,-1.38703,-0.534087
1.71,-1.39231,-0.522557
1.72,-1.39748,-0.511049
1.73,-1.40253,-0.499564
1.74,-1.40747,-0.4881
1.75,-1.41229,-0.476659
1.76,-1.417,-0.465239
1.77,-1.4216,-0.453842
1.78,-1.42608,-0.442467
1.79,-1.43045,-0.431114
1.8,-1.4347,-0.419784
1.81,-1.43884,-0.408475
1.82,-1.44287,-0.397187
1.83,-1.44679,-0.385922
1.84,-1.45059,-0.374678
1.85,-1.45428,-0.363455
1.86,-1.45786,-0.352254
1.87,-1.46133,-0.341073
1.88,-1.46468,-0.329913
1.89,-1.46792,-0.318774
1.9,-1.47106,-0.307654
1.91,-1.47408,-0.296555
1.92,-1.47699,-0.285475
1.93,-1.47979,-0.274415
1.94,-1.48248,-0.263373
1.95,-1.48505,-0.252351
1.96,-1.48752,-0.241346
1.97,-1.48988,-0.23036
1.98,-1.49213,-0.219391
1.99,-1.49427,-0.208439
2,-1.4963,-0.197505
2.01,-1.49822,-0.186587
2.02,-1.50003,-0.175685
2.03,-1.50173,-0.164799
2.04,-1.50333,-0.153928
2.05,-1.50481,-0.143072
2.06,-1.50619,-0.132231
2.07,-1.50746,-0.121403
2.08,-1.50862,-0.110589
2.09,-1.50967,-0.0997888
2.1,-1.51061,-0.0890009
2.11,-1.51145,-0.0782253
2.12,-1.51218,-0.0674614
2.13,-1.5128,-0.056709
2.14,-1.51331,-0.0459673
2.15,-1.51372,-0.0352361
2.16,-1.51402,-0.0245148
2.17,-1.51421,-0.0138028
2.18,-1.51429,-0.0030998
2.19,-1.51427,0.00759481
2.2,-1.51414,0.0182815
2.21,-1.5139,0.0289608
2.22,-1.51356,0.0396332
2.23,-1.51311,0.0502993
2.24,-1.51256,0.0609596
2.25,-1.51189,0.0716145
2.26,-1.51112,0.0822647
2.27,-1.51025,0.0929106
2.28,-1.50926,0.103553
2.29,-1.50818,0.114192
2.3,-1.50698,0.124829
2.31,-1.50568,0.135463
2.32,-1.50427,0.146096
2.33,-1.50276,0.156728
2.34,-1.50114,0.16736
2.35,-1.49941,0.177993
2.36,-1.49758,0.188626
2.37,-1.49564,0.19926
2.38,-1.49359,0.209897
2.39,-1.49144,0.220536
2.4,-1.48918,0.231179
2.41,-1.48682,0.241825
2.42,-1.48434,0.252476
2.43,-1.48177,0.263132
2.44,-1.47908,0.273794
2.45,-1.47629,0.284462
2.46,-1.47339,0.295138
2.47,-1.47039,0.305821
2.48,-1.46728,0.316513
2.49,-1.46406,0.327213
2.5,-1.46073,0.337924
2.51,-1.4573,0.348645
2.52,-1.45376,0.359377
2.53,-1.45011,0.370121
2.54,-1.44636,0.380877
2.55,-1.44249,0.391647
2.56,-1.43852,0.402431
2.57,-1.43445,0.413229
2.58,-1.43026,0.424044
2.59,-1.42596,0.434874
2.6,-1.42156,0.445721
2.61,-1.41705,0.456587
2.62,-1.41243,0.467471
2.63,-1.4077,0.478374
2.64,-1.40286,0.489298
2.65,-1.39791,0.500243
2.66,-1.39286,0.51121
2.67,-1.38769,0.522199
2.68,-1.38241,0.533213
2.69,-1.37703,0.544251
2.7,-1.37153,0.555314
2.71,-1.36592,0.566404
2.72,-1.3602,0.577521
2.73,-1.35437,0.588667
2.74,-1.34843,0.599842
2.75,-1.34237,0.611047
2.76,-1.33621,0.622283
2.77,-1.32993,0.633552
2.78,-1.32353,0.644854
2.79,-1.31703,0.65619
2.8,-1.31041,0.667562
2.81,-1.30368,0.67897
2.82,-1.29683,0.690417
2.83,-1.28987,0.701902
2.84,-1.28279,0.713427
2.85,-1.2756,0.724993
2.86,-1.26829,0.736602
2.87,-1.26087,0.748254
2.88,-1.25333,0.759952
2.89,-1.24567,0.771696
2.9,-1.23789,0.783487
2.91,-1.23,0.795328
2.92,-1.22199,0.807218
2.93,-1.21385,0.819161
2.94,-1.2056,0.831157
2.95,-1.19723,0.843208
2.96,-1.18874,0.855315
2.97,-1.18012,0.86748
2.98,-1.17139,0.879705
2.99,-1.16253,0.891991
3,-1.15355,0.904339
3.01,-1.14444,0.916752
3.02,-1.13521,0.929232
3.03,-1.12586,0.94178
3.04,-1.11638,0.954398
3.05,-1.10677,0.967087
3.06,-1.09704,0.979851
3.07,-1.08717,0.992691
3.08,-1.07718,1.00561
3.09,-1.06706,1.01861
3.1,-1.05681,1.03169
3.11,-1.04643,1.04485
3.12,-1.03591,1.0581
3.13,-1.02526,1.07144
3.14,-1.01448,1.08488
3.15,-1.00357,1.0984
3.16,-0.992515,1.11203
3.17,-0.981326,1.12575
3.18,-0.969999,1.13957
3.19,-0.958534,1.1535
3.2,-0.946929,1.16754
3.21,-0.935183,1.18169
3.22,-0.923295,1.19595
3.23,-0.911264,1.21032
3.24,-0.899088,1.22482
3.25,-0.886767,1.23944
3.26,-0.874299,1.25418
3.27,-0.861683,1.26906
3.28,-0.848917,1.28406
3.29,-0.836001,1.29921
3.3,-0.822933,1.31449
3.31,-0.809711,1.32991
3.32,-0.796334,1.34548
3.33,-0.782801,1.36121
3.34,-0.769109,1.37708
3.35,-0.755258,1.39311
3.36,-0.741246,1.4093
3.37,-0.727072,1.42566
3.38,-0.712733,1.44218
3.39,-0.698228,1.45888
3.4,-0.683555,1.47575
3.41,-0.668712,1.49279
3.42,-0.653698,1.51002
3.43,-0.638511,1.52742
3.44,-0.623149,1.54501
3.45,-0.60761,1.56279
3.46,-0.591893,1.58075
3.47,-0.575995,1.59889
3.48,-0.559914,1.61722
3.49,-0.54365,1.63573
3.5,-0.527199,1.65442
3.51,-0.510561,1.67328
3.52,-0.493733,1.69231
3.53,-0.476714,1.7115
3.54,-0.459502,1.73083
3.55,-0.442097,1.75029
3.56,-0.424496,1.76985
3.57,-0.406699,1.78951
3.58,-0.388706,1.80921
3.59,-0.370515,1.82894
3.6,-0.352127,1.84865
3.61,-0.333542,1.86829
3.62,-0.314762,1.88779
3.63,-0.295787,1.90709
3.64,-0.276621,1.92611
3.65,-0.257266,1.94474
3.66,-0.237728,1.96289
3.67,-0.21801,1.98042
3.68,-0.198122,1.99721
3.69,-0.178069,2.01309
3.7,-0.157863,2.0279
3.71,-0.137515,2.04147
3.72,-0.117039,2.05362
3.73,-0.0964484,2.06416
3.74,-0.0757614,2.07292
3.75,-0.0549964,2.07974
3.76,-0.0341735,2.08449
3.77,-0.0133139,2.08706
3.78,0.00756013,2.08737
3.79,0.0284259,2.0854
3.8,0.0492607,2.08118
3.81,0.0700422,2.07476
3.82,0.0907489,2.06625
3.83,0.111361,2.05578
3.84,0.131859,2.04351
3.85,0.152226,2.02963
3.86,0.172446,2.01432
3.87,0.192508,1.99776
3.88,0.212398,1.98014
3.89,0.232108,1.96164
3.9,0.251628,1.94241
3.91,0.270954,1.92261
3.92,0.290079,1.90235
3.93,0.309,1.88176
3.94,0.327714,1.86093
3.95,0.346218,1.83996
3.96,0.364512,1.81891
3.97,0.382596,1.79784
3.98,0.400469,1.77681
3.99,0.418133,1.75587
4,0.435587,1.73504
4.01,0.452834,1.71436
4.02,0.469875,1.69384
4.03,0.486711,1.67352
4.04,0.503346,1.65339
4.05,0.51978,1.63348
4.06,0.536016,1.61379
4.07,0.552057,1.59433
4.08,0.567904,1.57509
4.09,0.583559,1.55609
4.1,0.599026,1.53732
4.11,0.614307,1.51879
4.12,0.629403,1.50048
4.13,0.644317,1.4824
4.14,0.659051,1.46455
4.15,0.673609,1.44693
4.16,0.687991,1.42952
4.17,0.7022,1.41233
4.18,0.716238,1.39535
4.19,0.730107,1.37857
4.2,0.74381,1.362
4.21,0.757348,1.34563
4.22,0.770723,1.32945
4.23,0.783938,1.31346
4.24,0.796993,1.29766
4.25,0.809892,1.28203
4.26,0.822634,1.26658
4.27,0.835224,1.25131
4.28,0.847661,1.2362
4.29,0.859948,1.22125
4.3,0.872087,1.20647
4.31,0.884078,1.19184
4.32,0.895924,1.17736
4.33,0.907626,1.16302
4.34,0.919185,1.14883
4.35,0.930603,1.13479
4.36,0.941881,1.12087
4.37,0.953021,1.10709
4.38,0.964023,1.09344
4.39,0.97489,1.07992
4.4,0.985622,1.06652
4.41,0.996221,1.05324
4.42,1.00669,1.04008
4.43,1.01702,1.02703
4.44,1.02723,1.0141
4.45,1.03731,1.00127
4.46,1.04725,0.988546
4.47,1.05708,0.975928
4.48,1.06677,0.963411
4.49,1.07635,0.950993
4.5,1.08579,0.938671
4.51,1.09512,0.926443
4.52,1.10432,0.914306
4.53,1.11341,0.902259
4.54,1.12237,0.890299
4.55,1.13121,0.878424
4.56,1.13994,0.866633
4.57,1.14854,0.854923
4.58,1.15704,0.843293
4.59,1.16541,0.83174
4.6,1.17367,0.820263
4.61,1.18182,0.80886
4.62,1.18985,0.797529
4.63,1.19777,0.786269
4.64,1.20557,0.775078
4.65,1.21327,0.763954
4.66,1.22085,0.752897
4.67,1.22833,0.741904
4.68,1.23569,0.730973
4.69,1.24295,0.720105
4.7,1.25009,0.709296
4.71,1.25713,0.698546
4.72,1.26406,0.687854
4.73,1.27089,0.677218
4.74,1.27761,0.666637
4.75,1.28422,0.656109
4.76,1.29073,0.645634
4.77,1.29714,0.635211
4.78,1.30344,0.624837
4.79,1.30963,0.614512
4.8,1.31573,0.604236
4.81,1.32172,0.594006
4.82,1.32761,0.583822
4.83,1.33339,0.573683
4.84,1.33908,0.563587
4.85,1.34467,0.553534
4.86,1.35015,0.543523
4.87,1.35554,0.533553
4.88,1.36082,0.523623
4.89,1.36601,0.513731
4.9,1.3711,0.503878
4.91,1.37609,0.494062
4.92,1.38098,0.484282
4.93,1.38577,0.474538
4.94,1.39047,0.464828
4.95,1.39507,0.455152
4.96,1.39957,0.445509
4.97,1.40398,0.435899
4.98,1.40829,0.42632
4.99,1.41251,0.416771
5,1.41663,0.407253
5.01,1.42065,0.397763
5.02,1.42458,0.388303
5.03,1.42842,0.378869
5.04,1.43216,0.369463
5.05,1.43581,0.360084
5.06,1.43936,0.35073
5.07,1.44282,0.341401
5.08,1.44619,0.332096
5.09,1.44946,0.322815
5.1,1.45265,0.313557
5.11,1.45573,0.304322
5.12,1.45873,0.295108
5.13,1.46164,0.285915
5.14,1.46445,0.276743
5.15,1.46717,0.267591
5.16,1.4698,0.258458
5.17,1.47234,0.249344
5.18,1.47479,0.240247
5.19,1.47715,0.231169
5.2,1.47941,0.222107
5.21,1.48159,0.213062
5.22,1.48367,0.204033
5.23,1.48567,0.195019
5.24,1.48757,0.186019
5.25,1.48939,0.177034
5.26,1.49111,0.168063
5.27,1.49275,0.159104
5.28,1.4943,0.150158
5.29,1.49575,0.141225
5.3,1.49712,0.132302
5.31,1.4984,0.123391
5.32,1.49959,0.11449
5.33,1.50069,0.105599
5.34,1.5017,0.0967173
5.35,1.50262,0.0878446
5.36,1.50346,0.0789803
5.37,1.5042,0.0701238
5.38,1.50486,0.0612747
5.39,1.50543,0.0524326
5.4,1.50591,0.0435967
5.41,1.5063,0.0347668
5.42,1.5066,0.0259422
5.43,1.50682,0.0171225
5.44,1.50695,0.0083071
5.45,1.50699,-0.00050437
5.46,1.50694,-0.00931246
5.47,1.5068,-0.0181177
5.48,1.50657,-0.0269205
5.49,1.50626,-0.0357214
5.5,1.50586,-0.0445209
5.51,1.50537,-0.0533195
5.52,1.50479,-0.0621177
5.53,1.50413,-0.070916
5.54,1.50338,-0.0797149
5.55,1.50253,-0.0885149
5.56,1.50161,-0.0973164
5.57,1.50059,-0.10612
5.58,1.49948,-0.114926
5.59,1.49829,-0.123735
5.6,1.49701,-0.132548
5.61,1.49564,-0.141365
5.62,1.49418,-0.150187
5.63,1.49263,-0.159014
5.64,1.491,-0.167846
5.65,1.48928,-0.176685
5.66,1.48747,-0.18553
5.67,1.48557,-0.194382
5.68,1.48358,-0.203242
5.69,1.4815,-0.212111
5.7,1.47934,-0.220988
5.71,1.47708,-0.229875
5.72,1.47474,-0.238771
5.73,1.47231,-0.247678
5.74,1.46979,-0.256596
5.75,1.46718,-0.265525
5.76,1.46448,-0.274467
5.77,1.46169,-0.283421
5.78,1.45881,-0.292389
5.79,1.45584,-0.30137
5.8,1.45278,-0.310366
5.81,1.44963,-0.319377
5.82,1.44639,-0.328404
5.83,1.44306,-0.337446
5.84,1.43964,-0.346506
5.85,1.43613,-0.355584
5.86,1.43253,-0.364679
5.87,1.42884,-0.373793
5.88,1.42506,-0.382927
5.89,1.42118,-0.392081
5.9,1.41721,-0.401255
5.91,1.41315,-0.410451
5.92,1.409,-0.41967
5.93,1.40476,-0.428911
5.94,1.40043,-0.438176
5.95,1.396,-0.447465
5.96,1.39148,-0.456779
5.97,1.38686,-0.466119
5.98,1.38215,-0.475486
5.99,1.37735,-0.48488
6,1.37246,-0.494302
6.01,1.36747,-0.503753
6.02,1.36238,-0.513234
6.03,1.3572,-0.522746
6.04,1.35193,-0.53229
6.05,1.34656,-0.541865
6.06,1.34109,-0.551474
6.07,1.33553,-0.561118
6.08,1.32987,-0.570796
6.09,1.32411,-0.580511
6.1,1.31826,-0.590263
6.11,1.3123,-0.600053
6.12,1.30625,-0.609882
6.13,1.30011,-0.619751
6.14,1.29386,-0.629662
6.15,1.28751,-0.639615
6.16,1.28107,-0.649611
6.17,1.27452,-0.659652
6.18,1.26787,-0.66974
6.19,1.26113,-0.679874
6.2,1.25428,-0.690056
6.21,1.24732,-0.700288
6.22,1.24027,-0.710571
6.23,1.23311,-0.720906
6.24,1.22585,-0.731295
6.25,1.21849,-0.741739
6.26,1.21102,-0.75224
6.27,1.20344,-0.762798
6.28,1.19576,-0.773416
6.29,1.18797,-0.784096
6.3,1.18008,-0.794838
6.31,1.17208,-0.805645
6.32,1.16397,-0.816518
6.33,1.15575,-0.82746
6.34,1.14742,-0.838471
6.35,1.13898,-0.849554
6.36,1.13042,-0.860711
6.37,1.12176,-0.871945
6.38,1.11299,-0.883256
6.39,1.1041,-0.894648
6.4,1.09509,-0.906122
6.41,1.08597,-0.917681
6.42,1.07674,-0.929328
6.43,1.06739,-0.941065
6.44,1.05792,-0.952894
6.45,1.04833,-0.964818
6.46,1.03862,-0.976841
6.47,1.02879,-0.988965
6.48,1.01884,-1.00119
6.49,1.00877,-1.01353
6.5,0.99857,-1.02597
6.51,0.988247,-1.03853
6.52,0.977799,-1.05121
6.53,0.967223,-1.06401
6.54,0.956518,-1.07693
6.55,0.945684,-1.08999
6.56,0.934718,-1.10317
6.57,0.92362,-1.1165
6.58,0.912388,-1.12997
6.59,0.90102,-1.14358
6.6,0.889515,-1.15735
6.61,0.877872,-1.17127
6.62,0.866089,-1.18536
6.63,0.854165,-1.19962
6.64,0.842096,-1.21405
6.65,0.829883,-1.22867
6.66,0.817523,-1.24347
6.67,0.805013,-1.25847
6.68,0.792352,-1.27367
6.69,0.779539,-1.28909
6.7,0.76657,-1.30472
6.71,0.753444,-1.32058
6.72,0.740158,-1.33668
6.73,0.726709,-1.35302
6.74,0.713096,-1.36963
6.75,0.699316,-1.3865
6.76,0.685365,-1.40365
6.77,0.671242,-1.42109
6.78,0.656942,-1.43884
6.79,0.642464,-1.45691
6.8,0.627803,-1.47532
6.81,0.612956,-1.49407
6.82,0.597921,-1.51319
6.83,0.582691,-1.53269
6.84,0.567265,-1.55259
6.85,0.551638,-1.57292
6.86,0.535806,-1.59369
6.87,0.519763,-1.61492
6.88,0.503506,-1.63664
6.89,0.487028,-1.65887
6.9,0.470326,-1.68164
6.91,0.453394,-1.70498
6.92,0.436225,-1.7289
6.93,0.418814,-1.75345
6.94,0.401154,-1.77864
6.95,0.383239,-1.80451
6.96,0.365061,-1.83107
6.97,0.346615,-1.85836
6.98,0.327892,-1.88638
6.99,0.308885,-1.91515
7,0.289586,-1.94465
7.01,0.269989,-1.97486
7.02,0.250087,-2.00573
7.03,0.229873,-2.03714
7.04,0.209343,-2.06895
7.05,0.188493,-2.10091
7.06,0.167325,-2.13268
7.07,0.145842,-2.16376
7.08,0.124054,-2.19349
7.09,0.10198,-2.22099
7.1,0.0796453,-2.24521
7.11,0.0570903,-2.26494
7.12,0.0343655,-2.27899
7.13,0.011533,-2.28633
7.14,-0.0113366,-2.28636
7.15,-0.0341696,-2.27904
7.16,-0.0568946,-2.26492
7.17,-0.0794484,-2.24496
7.18,-0.101779,-2.22039
7.19,-0.123845,-2.19241
7.2,-0.145619,-2.16212
7.21,-0.167083,-2.13043
7.22,-0.188225,-2.09803
7.23,-0.209043,-2.06543
7.24,-0.229534,-2.03301
7.25,-0.249704,-2.001
7.26,-0.269556,-1.96959
7.27,-0.289098,-1.93886
7.28,-0.308336,-1.90888
7.29,-0.327278,-1.87967
7.3,-0.345932,-1.85125
7.31,-0.364306,-1.8236
7.32,-0.382407,-1.7967
7.33,-0.400242,-1.77054
7.34,-0.41782,-1.74508
7.35,-0.435146,-1.7203
7.36,-0.452228,-1.69617
7.37,-0.469072,-1.67265
7.38,-0.485683,-1.64972
7.39,-0.502068,-1.62735
7.4,-0.518232,-1.60552
7.41,-0.53418,-1.58419
7.42,-0.549917,-1.56335
7.43,-0.565448,-1.54296
7.44,-0.580778,-1.52302
7.45,-0.59591,-1.50349
7.46,-0.610849,-1.48436
7.47,-0.625599,-1.46561
7.48,-0.640163,-1.44723
7.49,-0.654544,-1.42919
7.5,-0.668747,-1.41148
7.51,-0.682775,-1.39409
7.52,-0.69663,-1.37701
7.53,-0.710316,-1.36021
7.54,-0.723835,-1.34369
7.55,-0.737191,-1.32745
7.56,-0.750385,-1.31146
7.57,-0.763421,-1.29571
7.58,-0.7763,-1.2802
7.59,-0.789026,-1.26493
7.6,-0.801599,-1.24987
7.61,-0.814024,-1.23502
7.62,-0.8263,-1.22037
7.63,-0.838432,-1.20593
7.64,-0.85042,-1.19167
7.65,-0.862266,-1.17759
7.66,-0.873972,-1.16369
7.67,-0.88554,-1.14996
7.68,-0.896972,-1.1364
7.69,-0.908269,-1.123
7.7,-0.919432,-1.10974
7.71,-0.930464,-1.09664
7.72,-0.941366,-1.08369
7.73,-0.952138,-1.07087
7.74,-0.962783,-1.05818
7.75,-0.973302,-1.04563
7.76,-0.983697,-1.03321
7.77,-0.993967,-1.02091
7.78,-1.00412,-1.00873
7.79,-1.01414,-0.996665
7.8,-1.02405,-0.984713
7.81,-1.03384,-0.972871
7.82,-1.04351,-0.961136
7.83,-1.05306,-0.949504
7.84,-1.0625,-0.937973
7.85,-1.07182,-0.92654
7.86,-1.08103,-0.915201
7.87,-1.09012,-0.903956
7.88,-1.09911,-0.8928
7.89,-1.10798,-0.881733
7.9,-1.11674,-0.87075
7.91,-1.1254,-0.859851
7.92,-1.13394,-0.849033
7.93,-1.14238,-0.838293
7.94,-1.15071,-0.827631
7.95,-1.15893,-0.817043
7.96,-1.16705,-0.806528
7.97,-1.17506,-0.796085
7.98,-1.18297,-0.785711
7.99,-1.19077,-0.775405
8,-1.19848,-0.765164
8.01,-1.20608,-0.754989
8.02,-1.21358,-0.744875
8.03,-1.22098,-0.734824
8.04,-1.22827,-0.724832
8.05,-1.23547,-0.714898
8.06,-1.24257,-0.705022
8.07,-1.24957,-0.695201
8.08,-1.25648,-0.685435
8.09,-1.26328,-0.675721
8.1,-1.26999,-0.666059
8.11,-1.2766,-0.656448
8.12,-1.28312,-0.646887
8.13,-1.28954,-0.637373
8.14,-1.29587,-0.627907
8.15,-1.3021,-0.618487
8.16,-1.30824,-0.609111
8.17,-1.31428,-0.59978
8.18,-1.32023,-0.590491
8.19,-1.32609,-0.581245
8.2,-1.33186,-0.572039
8.21,-1.33753,-0.562873
8.22,-1.34312,-0.553747
8.23,-1.34861,-0.544658
8.24,-1.35401,-0.535607
8.25,-1.35932,-0.526592
8.26,-1.36454,-0.517613
8.27,-1.36967,-0.508668
8.28,-1.37471,-0.499757
8.29,-1.37967,-0.49088
8.3,-1.38453,-0.482034
8.31,-1.38931,-0.473221
8.32,-1.394,-0.464438
8.33,-1.3986,-0.455685
8.34,-1.40311,-0.446962
8.35,-1.40754,-0.438267
8.36,-1.41188,-0.4296
8.37,-1.41613,-0.420961
8.38,-1.4203,-0.412348
8.39,-1.42438,-0.403761
8.4,-1.42837,-0.395199
8.41,-1.43228,-0.386663
8.42,-1.4361,-0.37815
8.43,-1.43984,-0.36966
8.44,-1.4435,-0.361194
8.45,-1.44707,-0.35275
8.46,-1.45055,-0.344327
8.47,-1.45395,-0.335925
8.48,-1.45727,-0.327544
8.49,-1.4605,-0.319183
8.5,-1.46365,-0.310842
8.51,-1.46672,-0.302519
8.52,-1.46971,-0.294214
8.53,-1.47261,-0.285928
8.54,-1.47542,-0.277658
8.55,-1.47816,-0.269406
8.56,-1.48081,-0.261169
8.57,-1.48338,-0.252949
8.58,-1.48587,-0.244743
8.59,-1.48828,-0.236553
8.6,-1.4906,-0.228376
8.61,-1.49284,-0.220214
8.62,-1.49501,-0.212064
8.63,-1.49709,-0.203928
8.64,-1.49908,-0.195804
8.65,-1.501,-0.187691
8.66,-1.50284,-0.179591
8.67,-1.50459,-0.171501
8.68,-1.50627,-0.163422
8.69,-1.50786,-0.155352
8.7,-1.50938,-0.147293
8.71,-1.51081,-0.139242
8.72,-1.51216,-0.131201
8.73,-1.51343,-0.123168
8.74,-1.51462,-0.115142
8.75,-1.51574,-0.107124
8.76,-1.51677,-0.0991135
8.77,-1.51772,-0.0911092
8.78,-1.51859,-0.0831111
8.79,-1.51938,-0.0751188
8.8,-1.52009,-0.0671318
8.81,-1.52072,-0.0591498
8.82,-1.52127,-0.0511722
8.83,-1.52175,-0.0431988
8.84,-1.52214,-0.0352291
8.85,-1.52245,-0.0272626
8.86,-1.52268,-0.019299
8.87,-1.52284,-0.0113378
8.88,-1.52291,-0.00337865
8.89,-1.5229,0.00457887
8.9,-1.52282,0.0125352
8.91,-1.52265,0.0204907
8.92,-1.52241,0.0284457
8.93,-1.52208,0.0364008
8.94,-1.52168,0.0443564
8.95,-1.5212,0.0523127
8.96,-1.52063,0.0602703
8.97,-1.51999,0.0682296
8.98,-1.51927,0.0761909
8.99,-1.51847,0.0841547
9,-1.51759,0.0921214
9.01,-1.51663,0.100091
9.02,-1.51559,0.108065
9.03,-1.51446,0.116043
9.04,-1.51326,0.124026
9.05,-1.51198,0.132013
9.06,-1.51062,0.140006
9.07,-1.50918,0.148005
9.08,-1.50766,0.15601
9.09,-1.50606,0.164021
9.1,-1.50438,0.17204
9.11,-1.50262,0.180067
9.12,-1.50078,0.188101
9.13,-1.49886,0.196144
9.14,-1.49686,0.204196
9.15,-1.49478,0.212257
9.16,-1.49261,0.220328
9.17,-1.49037,0.228409
9.18,-1.48805,0.236501
9.19,-1.48564,0.244604
9.2,-1.48315,0.252719
9.21,-1.48059,0.260846
9.22,-1.47794,0.268986
9.23,-1.47521,0.277139
9.24,-1.47239,0.285305
9.25,-1.4695,0.293486
9.26,-1.46652,0.301681
9.27,-1.46347,0.309891
9.28,-1.46033,0.318117
9.29,-1.4571,0.326359
9.3,-1.4538,0.334618
9.31,-1.45041,0.342894
9.32,-1.44694,0.351188
9.33,-1.44339,0.3595
9.34,-1.43975,0.367831
9.35,-1.43603,0.376182
9.36,-1.43223,0.384552
9.37,-1.42834,0.392943
9.38,-1.42437,0.401356
9.39,-1.42031,0.40979
9.4,-1.41617,0.418247
9.41,-1.41195,0.426727
9.42,-1.40764,0.43523
9.43,-1.40324,0.443758
9.44,-1.39876,0.452311
9.45,-1.3942,0.460889
9.46,-1.38954,0.469494
9.47,-1.38481,0.478126
9.48,-1.37998,0.486786
9.49,-1.37507,0.495474
9.5,-1.37007,0.504192
9.51,-1.36499,0.512939
9.52,-1.35981,0.521718
9.53,-1.35455,0.530527
9.54,-1.3492,0.53937
9.55,-1.34376,0.548245
9.56,-1.33824,0.557154
9.57,-1.33262,0.566099
9.58,-1.32692,0.575079
9.59,-1.32112,0.584096
9.6,-1.31523,0.59315
9.61,-1.30926,0.602243
9.62,-1.30319,0.611375
9.63,-1.29703,0.620548
9.64,-1.29078,0.629762
9.65,-1.28443,0.639019
9.66,-1.278,0.648319
9.67,-1.27147,0.657664
9.68,-1.26484,0.667055
9.69,-1.25813,0.676492
9.7,-1.25131,0.685978
9.71,-1.24441,0.695513
9.72,-1.2374,0.705099
9.73,-1.2303,0.714736
9.74,-1.22311,0.724427
9.75,-1.21582,0.734172
9.76,-1.20842,0.743974
9.77,-1.20094,0.753832
9.78,-1.19335,0.76375
9.79,-1.18566,0.773727
9.8,-1.17787,0.783767
9.81,-1.16999,0.793871
9.82,-1.162,0.804039
9.83,-1.1539,0.814275
9.84,-1.14571,0.82458
9.85,-1.13741,0.834955
9.86,-1.12901,0.845403
9.87,-1.1205,0.855925
9.88,-1.11189,0.866524
9.89,-1.10317,0.877202
9.9,-1.09435,0.88796
9.91,-1.08541,0.898802
9.92,-1.07637,0.90973
9.93,-1.06722,0.920745
9.94,-1.05796,0.931851
9.95,-1.04858,0.943051
9.96,-1.03909,0.954346
9.97,-1.02949,0.965741
9.98,-1.01978,0.977237
9.99,-1.00995,0.988838
10,-1,1.00055
